{
  "loss": [
    5.346033626556396,
    4.485854564121792,
    4.0004083464486255,
    3.452290477207729,
    3.2203336405072895,
    2.958624164853777,
    2.6520758515766687,
    2.327175748825073,
    2.2836222850254604,
    2.4478788394927977,
    2.1470680114201137,
    1.8166107289450508,
    1.6485061185019356,
    1.4862103150231498,
    1.5602753925323487
  ],
  "accuracy": [
    0.3942857142857143,
    0.4097142857142857,
    0.4337142857142857,
    0.496,
    0.5097142857142857,
    0.5365714285714286,
    0.5748571428571428,
    0.612,
    0.6057142857142858,
    0.6142857142857143,
    0.6188571428571429,
    0.6657142857142857,
    0.6971428571428572,
    0.7142857142857143,
    0.7234285714285714
  ],
  "val_loss": [
    5.630364093780518,
    4.693663272857666,
    4.2637931187947595,
    4.109131603240967,
    3.9143062591552735,
    3.4863331604003904,
    3.1870599142710367,
    3.265045499801636,
    2.820646041234334,
    3.0928697204589843,
    2.868637687365214,
    2.725163548787435,
    2.5358384052912393,
    2.518363126118978,
    2.4030639537175498
  ],
  "val_accuracy": [
    0.32,
    0.3333333333333333,
    0.3333333333333333,
    0.36,
    0.37333333333333335,
    0.41333333333333333,
    0.44,
    0.4266666666666667,
    0.4666666666666667,
    0.4266666666666667,
    0.48,
    0.4666666666666667,
    0.5466666666666666,
    0.49333333333333335,
    0.52
  ]
}