{
  "aluminum": {
    "precision": 0.2,
    "recall": 0.3333333333333333,
    "f1-score": 0.25,
    "support": 9.0
  },
  "paper": {
    "precision": 0.6153846153846154,
    "recall": 0.27586206896551724,
    "f1-score": 0.38095238095238093,
    "support": 29.0
  },
  "plastic": {
    "precision": 0.6170212765957447,
    "recall": 0.7837837837837838,
    "f1-score": 0.6904761904761905,
    "support": 37.0
  },
  "accuracy": 0.5333333333333333,
  "macro avg": {
    "precision": 0.47746863066011996,
    "recall": 0.4643263953608781,
    "f1-score": 0.44047619047619047,
    "support": 75.0
  },
  "weighted avg": {
    "precision": 0.5663458810692853,
    "recall": 0.5333333333333333,
    "f1-score": 0.5179365079365079,
    "support": 75.0
  }
}