{
  "aluminum": {
    "precision": 0.3333333333333333,
    "recall": 0.4444444444444444,
    "f1-score": 0.38095238095238093,
    "support": 9.0
  },
  "paper": {
    "precision": 0.75,
    "recall": 0.7241379310344828,
    "f1-score": 0.7368421052631579,
    "support": 29.0
  },
  "plastic": {
    "precision": 0.7142857142857143,
    "recall": 0.6756756756756757,
    "f1-score": 0.6944444444444444,
    "support": 37.0
  },
  "accuracy": 0.6666666666666666,
  "macro avg": {
    "precision": 0.5992063492063492,
    "recall": 0.614752683718201,
    "f1-score": 0.6040796435533278,
    "support": 75.0
  },
  "weighted avg": {
    "precision": 0.6823809523809524,
    "recall": 0.6666666666666666,
    "f1-score": 0.6732191590086326,
    "support": 75.0
  }
}