{
  "accuracy": [
    0.5640000104904175,
    0.7508571147918701,
    0.7948571443557739,
    0.821142852306366,
    0.8360000252723694,
    0.8537142872810364,
    0.8594285845756531,
    0.8662857413291931,
    0.8497142791748047,
    0.8948571681976318,
    0.8908571600914001,
    0.9137142896652222,
    0.9240000247955322
  ],
  "loss": [
    0.6717262268066406,
    0.32410138845443726,
    0.2721650004386902,
    0.20259524881839752,
    0.19499510526657104,
    0.18448275327682495,
    0.15864679217338562,
    0.15431508421897888,
    0.1671527773141861,
    0.12526977062225342,
    0.114073745906353,
    0.10278207063674927,
    0.0811651274561882
  ],
  "val_accuracy": [
    0.6666666865348816,
    0.800000011920929,
    0.8666666746139526,
    0.8533333539962769,
    0.8666666746139526,
    0.8666666746139526,
    0.8533333539962769,
    0.8533333539962769,
    0.8533333539962769,
    0.8533333539962769,
    0.8533333539962769,
    0.8666666746139526,
    0.8666666746139526
  ],
  "val_loss": [
    0.6016998291015625,
    0.3744553029537201,
    0.30455467104911804,
    0.3132722079753876,
    0.2696714699268341,
    0.27470067143440247,
    0.27040374279022217,
    0.28869539499282837,
    0.2570136785507202,
    0.25859805941581726,
    0.2547141909599304,
    0.2444486767053604,
    0.21624015271663666
  ],
  "learning_rate": [
    0.0010000000474974513,
    0.0010000000474974513,
    0.0010000000474974513,
    0.0010000000474974513,
    0.0010000000474974513,
    0.0010000000474974513,
    0.0010000000474974513,
    0.00020000000949949026,
    9.999999747378752e-06,
    9.999999747378752e-06,
    9.999999747378752e-06,
    9.999999747378752e-06,
    9.999999747378752e-06
  ]
}