{
  "aluminum": {
    "precision": 0.5,
    "recall": 0.4444444444444444,
    "f1-score": 0.47058823529411764,
    "support": 9.0
  },
  "paper": {
    "precision": 0.6896551724137931,
    "recall": 0.6896551724137931,
    "f1-score": 0.6896551724137931,
    "support": 29.0
  },
  "plastic": {
    "precision": 0.7368421052631579,
    "recall": 0.7567567567567568,
    "f1-score": 0.7466666666666667,
    "support": 37.0
  },
  "accuracy": 0.6933333333333334,
  "macro avg": {
    "precision": 0.6421657592256503,
    "recall": 0.6302854578716648,
    "f1-score": 0.6356366914581925,
    "support": 75.0
  },
  "weighted avg": {
    "precision": 0.6901754385964911,
    "recall": 0.6933333333333334,
    "f1-score": 0.6914928104575163,
    "support": 75.0
  }
}