{
  "accuracy": [
    0.5811428427696228,
    0.7611428499221802,
    0.8074285984039307,
    0.8399999737739563,
    0.8548571467399597,
    0.8645714521408081,
    0.8657143115997314,
    0.8799999952316284,
    0.8805714249610901,
    0.8988571166992188,
    0.8965714573860168,
    0.9165714383125305,
    0.9297142624855042,
    0.9422857165336609,
    0.9365714192390442
  ],
  "loss": [
    0.9965890645980835,
    0.5556980967521667,
    0.4746527373790741,
    0.38829416036605835,
    0.3560059368610382,
    0.3393695652484894,
    0.3088415265083313,
    0.3068428039550781,
    0.2734854519367218,
    0.26365455985069275,
    0.2539537847042084,
    0.22017815709114075,
    0.18178535997867584,
    0.1599346548318863,
    0.15908822417259216
  ],
  "val_accuracy": [
    0.7066666483879089,
    0.7866666913032532,
    0.8799999952316284,
    0.8666666746139526,
    0.8799999952316284,
    0.8666666746139526,
    0.8533333539962769,
    0.8399999737739563,
    0.8799999952316284,
    0.8799999952316284,
    0.8799999952316284,
    0.8799999952316284,
    0.8799999952316284,
    0.8799999952316284,
    0.8666666746139526
  ],
  "val_loss": [
    0.8804534077644348,
    0.6330556273460388,
    0.5065014362335205,
    0.5013530254364014,
    0.4796256124973297,
    0.492751806974411,
    0.46356114745140076,
    0.5591010451316833,
    0.4188195466995239,
    0.45374032855033875,
    0.45290589332580566,
    0.4592355489730835,
    0.4041622579097748,
    0.4528873562812805,
    0.443172812461853
  ],
  "learning_rate": [
    0.0010000000474974513,
    0.0010000000474974513,
    0.0010000000474974513,
    0.0010000000474974513,
    0.0010000000474974513,
    0.0010000000474974513,
    0.0010000000474974513,
    0.0010000000474974513,
    0.0010000000474974513,
    0.0010000000474974513,
    9.999999747378752e-06,
    9.999999747378752e-06,
    9.999999747378752e-06,
    9.999999747378752e-06,
    9.999999747378752e-06
  ]
}