{
  "aluminum": {
    "precision": 0.2222222222222222,
    "recall": 0.4444444444444444,
    "f1-score": 0.2962962962962963,
    "support": 9.0
  },
  "paper": {
    "precision": 0.6470588235294118,
    "recall": 0.3793103448275862,
    "f1-score": 0.4782608695652174,
    "support": 29.0
  },
  "plastic": {
    "precision": 0.6,
    "recall": 0.6486486486486487,
    "f1-score": 0.6233766233766234,
    "support": 37.0
  },
  "accuracy": 0.52,
  "macro avg": {
    "precision": 0.489760348583878,
    "recall": 0.4908011459735597,
    "f1-score": 0.46597792974604574,
    "support": 75.0
  },
  "weighted avg": {
    "precision": 0.5728627450980392,
    "recall": 0.52,
    "f1-score": 0.5280155593199072,
    "support": 75.0
  }
}