{
  "loss": [
    5.346033626556396,
    4.485854564121792,
    4.0004083464486255,
    3.452290477207729,
    3.2203336405072895,
    2.958624164853777,
    2.6520758515766687,
    2.327175748825073,
    2.2836222850254604,
    2.4478788394927977,
    2.108988696507045,
    1.959104242324829,
    1.8733302740369524,
    1.8115330685206823,
    1.8861110676356725,
    1.7177009395871843,
    1.6755008663449968,
    1.5551391301836286,
    1.4564858496529716,
    1.3416916100638254,
    1.5050314110347203,
    1.3456832213401795,
    1.331993579183306,
    1.2964939692361015,
    1.3531926591055734,
    1.1682428169250487,
    1.1808195217677524,
    1.1894028362716946,
    1.125671973296574,
    1.1040016106196813,
    1.198551749093192,
    1.0074504171098981,
    0.919339824608394,
    0.8005200665337698
  ],
  "accuracy": [
    0.3942857142857143,
    0.4097142857142857,
    0.4337142857142857,
    0.496,
    0.5097142857142857,
    0.5365714285714286,
    0.5748571428571428,
    0.612,
    0.6057142857142858,
    0.6142857142857143,
    0.6177142857142857,
    0.6411428571428571,
    0.668,
    0.656,
    0.6805714285714286,
    0.6765714285714286,
    0.7005714285714286,
    0.7177142857142857,
    0.704,
    0.724,
    0.7308571428571429,
    0.7354285714285714,
    0.724,
    0.7297142857142858,
    0.7257142857142858,
    0.7565714285714286,
    0.7594285714285715,
    0.7502857142857143,
    0.7651428571428571,
    0.7634285714285715,
    0.7651428571428571,
    0.7777142857142857,
    0.7977142857142857,
    0.8188571428571428
  ],
  "val_loss": [
    5.630364093780518,
    4.693663272857666,
    4.2637931187947595,
    4.109131603240967,
    3.9143062591552735,
    3.4863331604003904,
    3.1870599142710367,
    3.265045499801636,
    2.820646041234334,
    3.0928697204589843,
    2.797752397855123,
    2.611438307762146,
    2.5057067759831746,
    2.4388984775543214,
    2.4040270837148032,
    2.412248853047689,
    2.4836055692036947,
    2.3964674520492553,
    2.464625047047933,
    2.377993353207906,
    2.167410453160604,
    2.178889244397481,
    2.128086322148641,
    2.281977793375651,
    2.2504496081670124,
    2.118327644666036,
    2.157701053619385,
    2.1064727115631103,
    2.0049011945724486,
    2.015677693684896,
    1.9672988518079122,
    2.0409298380215963,
    2.114971007506053,
    2.1191321992874146
  ],
  "val_accuracy": [
    0.32,
    0.3333333333333333,
    0.3333333333333333,
    0.36,
    0.37333333333333335,
    0.41333333333333333,
    0.44,
    0.4266666666666667,
    0.4666666666666667,
    0.4266666666666667,
    0.48,
    0.49333333333333335,
    0.4533333333333333,
    0.5066666666666667,
    0.52,
    0.5066666666666667,
    0.5066666666666667,
    0.52,
    0.52,
    0.5333333333333333,
    0.5733333333333334,
    0.56,
    0.5733333333333334,
    0.5066666666666667,
    0.5866666666666667,
    0.5466666666666666,
    0.6266666666666667,
    0.5333333333333333,
    0.6533333333333333,
    0.6133333333333333,
    0.6933333333333334,
    0.7066666666666667,
    0.6533333333333333,
    0.6133333333333333
  ]
}