{
  "aluminum": {
    "precision": 0.18518518518518517,
    "recall": 0.5555555555555556,
    "f1-score": 0.2777777777777778,
    "support": 9.0
  },
  "paper": {
    "precision": 0.4583333333333333,
    "recall": 0.3793103448275862,
    "f1-score": 0.41509433962264153,
    "support": 29.0
  },
  "plastic": {
    "precision": 0.5833333333333334,
    "recall": 0.3783783783783784,
    "f1-score": 0.45901639344262296,
    "support": 37.0
  },
  "accuracy": 0.4,
  "macro avg": {
    "precision": 0.4089506172839506,
    "recall": 0.4377480929205067,
    "f1-score": 0.3839628369476808,
    "support": 75.0
  },
  "weighted avg": {
    "precision": 0.4872222222222223,
    "recall": 0.4,
    "f1-score": 0.4202845654191154,
    "support": 75.0
  }
}