{
  "accuracy": [
    0.334285706281662,
    0.3497142791748047,
    0.34685713052749634,
    0.347428560256958,
    0.34857141971588135,
    0.35771429538726807,
    0.349142849445343,
    0.3337142765522003,
    0.3240000009536743,
    0.34228572249412537,
    0.3720000088214874,
    0.3702857196331024,
    0.3565714359283447,
    0.3434285819530487,
    0.37142857909202576,
    0.3537142872810364,
    0.3537142872810364,
    0.350857138633728,
    0.345714271068573,
    0.3400000035762787,
    0.35028570890426636,
    0.350857138633728,
    0.3479999899864197
  ],
  "loss": [
    1085.593994140625,
    817.0111694335938,
    778.0294189453125,
    741.2713012695312,
    741.8364868164062,
    671.8209838867188,
    617.2997436523438,
    609.2542724609375,
    623.984619140625,
    601.1759033203125,
    610.198974609375,
    601.4342041015625,
    636.6486206054688,
    643.1680908203125,
    547.9334716796875,
    561.9122924804688,
    582.345703125,
    558.3081665039062,
    578.8824462890625,
    546.7367553710938,
    522.44287109375,
    551.17724609375,
    577.9369506835938
  ],
  "val_accuracy": [
    0.4399999976158142,
    0.47999998927116394,
    0.5199999809265137,
    0.4266666769981384,
    0.3866666555404663,
    0.4000000059604645,
    0.41333332657814026,
    0.47999998927116394,
    0.4266666769981384,
    0.4266666769981384,
    0.4266666769981384,
    0.4399999976158142,
    0.4399999976158142,
    0.4000000059604645,
    0.3466666638851166,
    0.3466666638851166,
    0.4000000059604645,
    0.3866666555404663,
    0.3866666555404663,
    0.4000000059604645,
    0.41333332657814026,
    0.41333332657814026,
    0.4399999976158142
  ],
  "val_loss": [
    420.435302734375,
    446.6572265625,
    428.2307434082031,
    335.0218811035156,
    249.70965576171875,
    272.8662109375,
    257.120849609375,
    246.7639617919922,
    239.91763305664062,
    233.70477294921875,
    235.596435546875,
    249.2902374267578,
    242.31497192382812,
    224.31378173828125,
    268.26898193359375,
    227.09677124023438,
    223.68833923339844,
    224.8026885986328,
    219.8480682373047,
    186.43821716308594,
    199.7825927734375,
    194.6445770263672,
    192.36260986328125
  ],
  "learning_rate": [
    0.0010000000474974513,
    0.0010000000474974513,
    0.0010000000474974513,
    0.00020000000949949026,
    0.00020000000949949026,
    0.00020000000949949026,
    0.00020000000949949026,
    4.0000002627493814e-05,
    4.0000002627493814e-05,
    4.0000002627493814e-05,
    4.0000002627493814e-05,
    4.0000002627493814e-05,
    8.000000889296643e-06,
    9.999999747378752e-06,
    9.999999747378752e-06,
    9.999999747378752e-06,
    1.9999999949504854e-06,
    1.9999999949504854e-06,
    1.9999999949504854e-06,
    1.9999999949504854e-06,
    1.9999999949504854e-06,
    1.9999999949504854e-06,
    4.0000000467443897e-07
  ]
}