{
  "aluminum": {
    "precision": 0.5,
    "recall": 0.4444444444444444,
    "f1-score": 0.47058823529411764,
    "support": 9.0
  },
  "paper": {
    "precision": 0.7142857142857143,
    "recall": 0.6896551724137931,
    "f1-score": 0.7017543859649122,
    "support": 29.0
  },
  "plastic": {
    "precision": 0.717948717948718,
    "recall": 0.7567567567567568,
    "f1-score": 0.7368421052631579,
    "support": 37.0
  },
  "accuracy": 0.6933333333333334,
  "macro avg": {
    "precision": 0.6440781440781441,
    "recall": 0.6302854578716648,
    "f1-score": 0.6363949088407294,
    "support": 75.0
  },
  "weighted avg": {
    "precision": 0.6903785103785104,
    "recall": 0.6933333333333334,
    "f1-score": 0.6913243894048847,
    "support": 75.0
  }
}