{
  "accuracy": [
    0.6000000238418579,
    0.7742857336997986,
    0.819428563117981,
    0.8462857007980347,
    0.8611428737640381,
    0.8697142601013184,
    0.8817142844200134,
    0.8914285898208618,
    0.8897143006324768,
    0.9034285545349121,
    0.9034285545349121,
    0.9188571572303772,
    0.9337142705917358,
    0.9457142949104309,
    0.9382857084274292
  ],
  "loss": [
    0.9015251398086548,
    0.5020304322242737,
    0.4266768991947174,
    0.3510921895503998,
    0.32160094380378723,
    0.30273810029029846,
    0.2782341539859772,
    0.2766276001930237,
    0.2478749006986618,
    0.23711910843849182,
    0.23003637790679932,
    0.19621418416500092,
    0.16204237937927246,
    0.1449817270040512,
    0.1436285525560379
  ],
  "val_accuracy": [
    0.7200000286102295,
    0.800000011920929,
    0.8533333539962769,
    0.8666666746139526,
    0.8799999952316284,
    0.8666666746139526,
    0.8533333539962769,
    0.8266666531562805,
    0.8799999952316284,
    0.8799999952316284,
    0.8799999952316284,
    0.8799999952316284,
    0.8933333158493042,
    0.8799999952316284,
    0.8799999952316284
  ],
  "val_loss": [
    0.8338629007339478,
    0.6127076148986816,
    0.5048438906669617,
    0.5033825635910034,
    0.4814094007015228,
    0.4886220395565033,
    0.4769977331161499,
    0.569424033164978,
    0.4202107787132263,
    0.4555993676185608,
    0.4502739906311035,
    0.45755061507225037,
    0.4070504605770111,
    0.4530216455459595,
    0.44222843647003174
  ],
  "learning_rate": [
    0.0010000000474974513,
    0.0010000000474974513,
    0.0010000000474974513,
    0.0010000000474974513,
    0.0010000000474974513,
    0.0010000000474974513,
    0.0010000000474974513,
    0.0010000000474974513,
    0.0010000000474974513,
    0.0010000000474974513,
    9.999999747378752e-06,
    9.999999747378752e-06,
    9.999999747378752e-06,
    9.999999747378752e-06,
    9.999999747378752e-06
  ]
}