{
  "aluminum": {
    "precision": 0.2222222222222222,
    "recall": 0.4444444444444444,
    "f1-score": 0.2962962962962963,
    "support": 9.0
  },
  "paper": {
    "precision": 0.6666666666666666,
    "recall": 0.27586206896551724,
    "f1-score": 0.3902439024390244,
    "support": 29.0
  },
  "plastic": {
    "precision": 0.6222222222222222,
    "recall": 0.7567567567567568,
    "f1-score": 0.6829268292682927,
    "support": 37.0
  },
  "accuracy": 0.5333333333333333,
  "macro avg": {
    "precision": 0.5037037037037037,
    "recall": 0.49235442338890617,
    "f1-score": 0.4564890093345378,
    "support": 75.0
  },
  "weighted avg": {
    "precision": 0.5914074074074074,
    "recall": 0.5333333333333333,
    "f1-score": 0.523360433604336,
    "support": 75.0
  }
}