{
  "loss": [
    0.9448535935651688,
    0.7246138507411594,
    0.6505751345838819,
    0.6113746322620482,
    0.5672044175011771
  ],
  "val_loss": [
    0.8240588913976619,
    0.8044501941288467,
    0.7763297052773754,
    0.7129581076117744,
    0.731493877362361
  ]
}